Id,País,ano,quantidade,valor
1,Afeganistão,2008,0,0
2,África do Sul,2008,0,0
3,"Alemanha, República Democrática",2008,265742,429970
4,Angola,2008,25721,71083
5,Anguilla,2008,0,0
6,Antígua e Barbuda,2008,0,0
7,Antilhas Holandesas,2008,17938,22908
8,Arábia Saudita,2008,0,0
9,Argentina,2008,0,0
10,Aruba,2008,0,0
11,Austrália,2008,218726,99280
12,Áustria,2008,0,0
13,Bahamas,2008,0,0
14,Bangladesh,2008,0,0
15,Barbados,2008,0,0
16,Barein,2008,0,0
17,Bélgica,2008,3523,12969
18,Belice,2008,0,0
19,Benin,2008,10350,17423
20,Bermudas,2008,0,0
21,Bolívia,2008,3979,3990
22,Bósnia-Herzegovina,2008,0,0
23,Brasil,2008,0,0
24,Bulgária,2008,0,0
25,Cabo Verde,2008,0,0
26,Camarões,2008,0,0
27,Canadá,2008,20949,80476
28,Catar,2008,0,0
29,"Cayman, Ilhas",2008,0,0
30,Chile,2008,0,0
31,China,2008,8689,25926
32,Chipre,2008,0,0
33,Cingapura,2008,1233,4699
34,"Cocos (Keeling), Ilhas",2008,0,0
35,Colômbia,2008,0,0
36,Comores,2008,0,0
37,Congo,2008,0,0
38,"Coreia, Republica Sul",2008,3520,14366
39,Costa do Marfim,2008,0,0
40,Costa Rica,2008,55,200
41,Croácia,2008,0,0
42,Cuba,2008,0,0
43,Curaçao,2008,0,0
44,Dinamarca,2008,518,15905
45,Dominica,2008,0,0
46,El Salvador,2008,0,0
47,Emirados Arabes Unidos,2008,2437,12298
48,Equador,2008,0,0
49,"Eslovaca, Republica",2008,585,16063
50,Espanha,2008,2942,6834
51,Estados Unidos,2008,443895,804607
52,Estônia,2008,4114,9730
53,Filipinas,2008,0,0
54,Finlândia,2008,0,0
55,França,2008,11078,27500
56,Gana,2008,18168,25642
57,Gibraltar,2008,0,0
58,Granada,2008,0,0
59,Grécia,2008,0,0
60,Guatemala,2008,0,0
61,Guiana,2008,0,0
62,Guiana Francesa,2008,0,0
63,Guine Bissau,2008,0,0
64,Guine Equatorial,2008,548,1417
65,Haiti,2008,20,20
66,Honduras,2008,162,580
67,Hong Kong,2008,2430,13460
68,Hungria,2008,0,0
69,Ilha de Man,2008,0,0
70,Ilhas Virgens,2008,0,0
71,India,2008,0,0
72,Indonésia,2008,0,0
73,Irã,2008,0,0
74,Iraque,2008,0,0
75,Irlanda,2008,0,0
76,Itália,2008,0,0
77,Jamaica,2008,0,0
78,Japão,2008,232293,178333
79,Jordânia,2008,0,0
80,Letônia,2008,0,0
81,Líbano,2008,0,0
82,Libéria,2008,0,0
83,Luxemburgo,2008,13606,42341
84,Macau,2008,0,0
85,Malásia,2008,0,0
86,Malavi,2008,0,0
87,Malta,2008,0,0
88,"Marshall, Ilhas",2008,0,0
89,Martinica,2008,0,0
90,Mauritânia,2008,0,0
91,México,2008,0,0
92,Moçambique,2008,0,0
93,Montenegro,2008,0,0
94,Namíbia,2008,340,722
95,Nicarágua,2008,0,0
96,Nigéria,2008,7560,10920
97,Noruega,2008,0,0
98,Nova Caledônia,2008,0,0
99,Nova Zelândia,2008,0,0
100,Omã,2008,0,0
101,Países Baixos,2008,340412,783635
102,Palau,2008,0,0
103,Panamá,2008,1161,1882
104,Paraguai,2008,2191901,1374088
105,Peru,2008,0,0
106,Pitcairn,2008,0,0
107,Polônia,2008,20290,58353
108,Porto Rico,2008,0,0
109,Portugal,2008,49090,48942
110,Quênia,2008,0,0
111,Reino Unido,2008,100097,155076
112,República Dominicana,2008,0,0
113,Rússia,2008,6207658,2352768
114,São Cristóvão e Névis,2008,0,0
115,São Tomé e Príncipe,2008,0,0
116,São Vicente e Granadinas,2008,0,0
117,Senegal,2008,0,0
118,Serra Leoa,2008,0,0
119,Singapura,2008,0,0
120,Suazilândia,2008,0,0
121,Suécia,2008,26984,84564
122,Suíça,2008,54384,216317
123,Suriname,2008,900,1625
124,Tailândia,2008,0,0
125,Taiwan (Formosa),2008,10030,18679
126,Tanzânia,2008,0,0
127,"Tcheca, República",2008,17135,64709
128,Togo,2008,5160,7800
129,Toquelau,2008,0,0
130,Trinidade Tobago,2008,0,0
131,Tunísia,2008,0,0
132,Turquia,2008,0,0
133,Tuvalu,2008,0,0
134,Uruguai,2008,0,0
135,Vanuatu,2008,0,0
136,Venezuela,2008,0,0
137,Vietnã,2008,0,0
1,Afeganistão,2009,0,0
2,África do Sul,2009,0,0
3,"Alemanha, República Democrática",2009,225086,393482
4,Angola,2009,54786,84235
5,Anguilla,2009,0,0
6,Antígua e Barbuda,2009,0,0
7,Antilhas Holandesas,2009,8235,10651
8,Arábia Saudita,2009,0,0
9,Argentina,2009,162,4523
10,Aruba,2009,0,0
11,Austrália,2009,1014,9195
12,Áustria,2009,0,0
13,Bahamas,2009,0,0
14,Bangladesh,2009,0,0
15,Barbados,2009,0,0
16,Barein,2009,0,0
17,Bélgica,2009,125962,58764
18,Belice,2009,0,0
19,Benin,2009,0,0
20,Bermudas,2009,0,0
21,Bolívia,2009,40463,20729
22,Bósnia-Herzegovina,2009,0,0
23,Brasil,2009,0,0
24,Bulgária,2009,0,0
25,Cabo Verde,2009,0,0
26,Camarões,2009,0,0
27,Canadá,2009,15664,73445
28,Catar,2009,0,0
29,"Cayman, Ilhas",2009,0,0
30,Chile,2009,1475,4297
31,China,2009,1553416,482400
32,Chipre,2009,0,0
33,Cingapura,2009,2419,6110
34,"Cocos (Keeling), Ilhas",2009,0,0
35,Colômbia,2009,0,0
36,Comores,2009,0,0
37,Congo,2009,0,0
38,"Coreia, Republica Sul",2009,0,0
39,Costa do Marfim,2009,0,0
40,Costa Rica,2009,0,0
41,Croácia,2009,0,0
42,Cuba,2009,0,0
43,Curaçao,2009,0,0
44,Dinamarca,2009,1980,21780
45,Dominica,2009,0,0
46,El Salvador,2009,55,100
47,Emirados Arabes Unidos,2009,1398,4032
48,Equador,2009,0,0
49,"Eslovaca, Republica",2009,0,0
50,Espanha,2009,2181,4050
51,Estados Unidos,2009,372319,660066
52,Estônia,2009,5438,10802
53,Filipinas,2009,0,0
54,Finlândia,2009,0,0
55,França,2009,0,0
56,Gana,2009,0,0
57,Gibraltar,2009,0,0
58,Granada,2009,0,0
59,Grécia,2009,0,0
60,Guatemala,2009,20,20
61,Guiana,2009,0,0
62,Guiana Francesa,2009,0,0
63,Guine Bissau,2009,0,0
64,Guine Equatorial,2009,169,272
65,Haiti,2009,4500,5863
66,Honduras,2009,14,30
67,Hong Kong,2009,50319,27188
68,Hungria,2009,0,0
69,Ilha de Man,2009,0,0
70,Ilhas Virgens,2009,0,0
71,India,2009,0,0
72,Indonésia,2009,0,0
73,Irã,2009,0,0
74,Iraque,2009,0,0
75,Irlanda,2009,0,0
76,Itália,2009,1817,5251
77,Jamaica,2009,0,0
78,Japão,2009,217974,283436
79,Jordânia,2009,0,0
80,Letônia,2009,0,0
81,Líbano,2009,0,0
82,Libéria,2009,0,0
83,Luxemburgo,2009,7845,42124
84,Macau,2009,0,0
85,Malásia,2009,0,0
86,Malavi,2009,0,0
87,Malta,2009,0,0
88,"Marshall, Ilhas",2009,0,0
89,Martinica,2009,0,0
90,Mauritânia,2009,0,0
91,México,2009,0,0
92,Moçambique,2009,0,0
93,Montenegro,2009,0,0
94,Namíbia,2009,0,0
95,Nicarágua,2009,24,24
96,Nigéria,2009,41,115
97,Noruega,2009,0,0
98,Nova Caledônia,2009,0,0
99,Nova Zelândia,2009,0,0
100,Omã,2009,0,0
101,Países Baixos,2009,171654,136991
102,Palau,2009,0,0
103,Panamá,2009,24,30
104,Paraguai,2009,486927,392087
105,Peru,2009,0,0
106,Pitcairn,2009,0,0
107,Polônia,2009,6982,35797
108,Porto Rico,2009,0,0
109,Portugal,2009,141000,168923
110,Quênia,2009,0,0
111,Reino Unido,2009,30092,68788
112,República Dominicana,2009,0,0
113,Rússia,2009,21912914,5732280
114,São Cristóvão e Névis,2009,0,0
115,São Tomé e Príncipe,2009,0,0
116,São Vicente e Granadinas,2009,0,0
117,Senegal,2009,0,0
118,Serra Leoa,2009,0,0
119,Singapura,2009,0,0
120,Suazilândia,2009,0,0
121,Suécia,2009,28334,52826
122,Suíça,2009,27653,81319
123,Suriname,2009,3830,12918
124,Tailândia,2009,0,0
125,Taiwan (Formosa),2009,0,0
126,Tanzânia,2009,0,0
127,"Tcheca, República",2009,9269,43902
128,Togo,2009,0,0
129,Toquelau,2009,0,0
130,Trinidade Tobago,2009,0,0
131,Tunísia,2009,0,0
132,Turquia,2009,0,0
133,Tuvalu,2009,0,0
134,Uruguai,2009,0,0
135,Vanuatu,2009,0,0
136,Venezuela,2009,0,0
137,Vietnã,2009,743,2143
1,Afeganistão,2010,0,0
2,África do Sul,2010,0,0
3,"Alemanha, República Democrática",2010,27715,138666
4,Angola,2010,33557,189891
5,Anguilla,2010,0,0
6,Antígua e Barbuda,2010,0,0
7,Antilhas Holandesas,2010,9810,12808
8,Arábia Saudita,2010,0,0
9,Argentina,2010,0,0
10,Aruba,2010,0,0
11,Austrália,2010,1823,17960
12,Áustria,2010,0,0
13,Bahamas,2010,3175,12759
14,Bangladesh,2010,0,0
15,Barbados,2010,0,0
16,Barein,2010,0,0
17,Bélgica,2010,42532,185411
18,Belice,2010,0,0
19,Benin,2010,0,0
20,Bermudas,2010,0,0
21,Bolívia,2010,54,282
22,Bósnia-Herzegovina,2010,0,0
23,Brasil,2010,0,0
24,Bulgária,2010,0,0
25,Cabo Verde,2010,11991,49366
26,Camarões,2010,0,0
27,Canadá,2010,0,0
28,Catar,2010,0,0
29,"Cayman, Ilhas",2010,0,0
30,Chile,2010,0,0
31,China,2010,795,2358
32,Chipre,2010,0,0
33,Cingapura,2010,1533,5504
34,"Cocos (Keeling), Ilhas",2010,0,0
35,Colômbia,2010,0,0
36,Comores,2010,0,0
37,Congo,2010,0,0
38,"Coreia, Republica Sul",2010,0,0
39,Costa do Marfim,2010,0,0
40,Costa Rica,2010,0,0
41,Croácia,2010,0,0
42,Cuba,2010,0,0
43,Curaçao,2010,0,0
44,Dinamarca,2010,7034,69161
45,Dominica,2010,0,0
46,El Salvador,2010,0,0
47,Emirados Arabes Unidos,2010,1035,3206
48,Equador,2010,0,0
49,"Eslovaca, Republica",2010,0,0
50,Espanha,2010,0,0
51,Estados Unidos,2010,228968,478630
52,Estônia,2010,15848,40778
53,Filipinas,2010,0,0
54,Finlândia,2010,0,0
55,França,2010,3614,18904
56,Gana,2010,0,0
57,Gibraltar,2010,0,0
58,Granada,2010,0,0
59,Grécia,2010,0,0
60,Guatemala,2010,0,0
61,Guiana,2010,783,3654
62,Guiana Francesa,2010,0,0
63,Guine Bissau,2010,0,0
64,Guine Equatorial,2010,410,1015
65,Haiti,2010,2700,3750
66,Honduras,2010,0,0
67,Hong Kong,2010,0,0
68,Hungria,2010,540,4103
69,Ilha de Man,2010,0,0
70,Ilhas Virgens,2010,0,0
71,India,2010,0,0
72,Indonésia,2010,0,0
73,Irã,2010,0,0
74,Iraque,2010,0,0
75,Irlanda,2010,3969,42795
76,Itália,2010,1458,4828
77,Jamaica,2010,0,0
78,Japão,2010,112178,74628
79,Jordânia,2010,0,0
80,Letônia,2010,0,0
81,Líbano,2010,0,0
82,Libéria,2010,0,0
83,Luxemburgo,2010,7344,32549
84,Macau,2010,0,0
85,Malásia,2010,0,0
86,Malavi,2010,0,0
87,Malta,2010,0,0
88,"Marshall, Ilhas",2010,0,0
89,Martinica,2010,0,0
90,Mauritânia,2010,0,0
91,México,2010,0,0
92,Moçambique,2010,0,0
93,Montenegro,2010,0,0
94,Namíbia,2010,0,0
95,Nicarágua,2010,0,0
96,Nigéria,2010,0,0
97,Noruega,2010,0,0
98,Nova Caledônia,2010,0,0
99,Nova Zelândia,2010,0,0
100,Omã,2010,0,0
101,Países Baixos,2010,87368,302182
102,Palau,2010,0,0
103,Panamá,2010,0,0
104,Paraguai,2010,510989,449197
105,Peru,2010,0,0
106,Pitcairn,2010,0,0
107,Polônia,2010,20464,95198
108,Porto Rico,2010,0,0
109,Portugal,2010,4577,18970
110,Quênia,2010,0,0
111,Reino Unido,2010,123624,295690
112,República Dominicana,2010,0,0
113,Rússia,2010,0,0
114,São Cristóvão e Névis,2010,0,0
115,São Tomé e Príncipe,2010,0,0
116,São Vicente e Granadinas,2010,0,0
117,Senegal,2010,0,0
118,Serra Leoa,2010,0,0
119,Singapura,2010,0,0
120,Suazilândia,2010,0,0
121,Suécia,2010,0,0
122,Suíça,2010,2025,21600
123,Suriname,2010,1836,1269
124,Tailândia,2010,0,0
125,Taiwan (Formosa),2010,0,0
126,Tanzânia,2010,0,0
127,"Tcheca, República",2010,1091,5285
128,Togo,2010,0,0
129,Toquelau,2010,0,0
130,Trinidade Tobago,2010,0,0
131,Tunísia,2010,0,0
132,Turquia,2010,0,0
133,Tuvalu,2010,0,0
134,Uruguai,2010,914,2929
135,Vanuatu,2010,0,0
136,Venezuela,2010,0,0
137,Vietnã,2010,8820,9977
1,Afeganistão,2011,0,0
2,África do Sul,2011,0,0
3,"Alemanha, República Democrática",2011,36070,144150
4,Angola,2011,13889,69001
5,Anguilla,2011,0,0
6,Antígua e Barbuda,2011,0,0
7,Antilhas Holandesas,2011,7335,10188
8,Arábia Saudita,2011,0,0
9,Argentina,2011,13253,55460
10,Aruba,2011,900,1680
11,Austrália,2011,3632,40704
12,Áustria,2011,0,0
13,Bahamas,2011,4529,28810
14,Bangladesh,2011,0,0
15,Barbados,2011,0,0
16,Barein,2011,0,0
17,Bélgica,2011,11802,62339
18,Belice,2011,0,0
19,Benin,2011,0,0
20,Bermudas,2011,0,0
21,Bolívia,2011,12775,20215
22,Bósnia-Herzegovina,2011,0,0
23,Brasil,2011,0,0
24,Bulgária,2011,0,0
25,Cabo Verde,2011,600,825
26,Camarões,2011,0,0
27,Canadá,2011,28906,128076
28,Catar,2011,0,0
29,"Cayman, Ilhas",2011,0,0
30,Chile,2011,0,0
31,China,2011,54156,334867
32,Chipre,2011,0,0
33,Cingapura,2011,911,3317
34,"Cocos (Keeling), Ilhas",2011,0,0
35,Colômbia,2011,0,0
36,Comores,2011,0,0
37,Congo,2011,360,570
38,"Coreia, Republica Sul",2011,0,0
39,Costa do Marfim,2011,0,0
40,Costa Rica,2011,0,0
41,Croácia,2011,0,0
42,Cuba,2011,2880,4899
43,Curaçao,2011,0,0
44,Dinamarca,2011,32797,83057
45,Dominica,2011,0,0
46,El Salvador,2011,0,0
47,Emirados Arabes Unidos,2011,2120,6594
48,Equador,2011,0,0
49,"Eslovaca, Republica",2011,0,0
50,Espanha,2011,5206,24618
51,Estados Unidos,2011,306787,1030254
52,Estônia,2011,450,5336
53,Filipinas,2011,0,0
54,Finlândia,2011,12404,50394
55,França,2011,0,0
56,Gana,2011,0,0
57,Gibraltar,2011,0,0
58,Granada,2011,0,0
59,Grécia,2011,0,0
60,Guatemala,2011,0,0
61,Guiana,2011,0,0
62,Guiana Francesa,2011,0,0
63,Guine Bissau,2011,0,0
64,Guine Equatorial,2011,956,1979
65,Haiti,2011,0,0
66,Honduras,2011,0,0
67,Hong Kong,2011,2063,7975
68,Hungria,2011,0,0
69,Ilha de Man,2011,0,0
70,Ilhas Virgens,2011,0,0
71,India,2011,0,0
72,Indonésia,2011,0,0
73,Irã,2011,0,0
74,Iraque,2011,0,0
75,Irlanda,2011,5376,35690
76,Itália,2011,11999,80298
77,Jamaica,2011,0,0
78,Japão,2011,100835,144662
79,Jordânia,2011,0,0
80,Letônia,2011,0,0
81,Líbano,2011,0,0
82,Libéria,2011,0,0
83,Luxemburgo,2011,9547,65592
84,Macau,2011,0,0
85,Malásia,2011,0,0
86,Malavi,2011,0,0
87,Malta,2011,0,0
88,"Marshall, Ilhas",2011,0,0
89,Martinica,2011,0,0
90,Mauritânia,2011,0,0
91,México,2011,1350,7200
92,Moçambique,2011,0,0
93,Montenegro,2011,0,0
94,Namíbia,2011,0,0
95,Nicarágua,2011,0,0
96,Nigéria,2011,54,210
97,Noruega,2011,10268,78688
98,Nova Caledônia,2011,0,0
99,Nova Zelândia,2011,2587,7992
100,Omã,2011,0,0
101,Países Baixos,2011,125414,395356
102,Palau,2011,0,0
103,Panamá,2011,0,0
104,Paraguai,2011,240168,276281
105,Peru,2011,0,0
106,Pitcairn,2011,0,0
107,Polônia,2011,11732,50684
108,Porto Rico,2011,0,0
109,Portugal,2011,95,1031
110,Quênia,2011,0,0
111,Reino Unido,2011,122629,285642
112,República Dominicana,2011,0,0
113,Rússia,2011,0,0
114,São Cristóvão e Névis,2011,0,0
115,São Tomé e Príncipe,2011,0,0
116,São Vicente e Granadinas,2011,0,0
117,Senegal,2011,0,0
118,Serra Leoa,2011,0,0
119,Singapura,2011,0,0
120,Suazilândia,2011,0,0
121,Suécia,2011,1641,14476
122,Suíça,2011,0,0
123,Suriname,2011,3774,3735
124,Tailândia,2011,0,0
125,Taiwan (Formosa),2011,4500,10600
126,Tanzânia,2011,0,0
127,"Tcheca, República",2011,6846,37271
128,Togo,2011,0,0
129,Toquelau,2011,0,0
130,Trinidade Tobago,2011,0,0
131,Tunísia,2011,0,0
132,Turquia,2011,0,0
133,Tuvalu,2011,0,0
134,Uruguai,2011,1238,4404
135,Vanuatu,2011,0,0
136,Venezuela,2011,0,0
137,Vietnã,2011,0,0
1,Afeganistão,2012,0,0
2,África do Sul,2012,0,0
3,"Alemanha, República Democrática",2012,8189,56342
4,Angola,2012,2833,8861
5,Anguilla,2012,0,0
6,Antígua e Barbuda,2012,0,0
7,Antilhas Holandesas,2012,9247,14081
8,Arábia Saudita,2012,0,0
9,Argentina,2012,0,0
10,Aruba,2012,0,0
11,Austrália,2012,9345,56045
12,Áustria,2012,0,0
13,Bahamas,2012,1374,12087
14,Bangladesh,2012,0,0
15,Barbados,2012,0,0
16,Barein,2012,0,0
17,Bélgica,2012,16132,90718
18,Belice,2012,0,0
19,Benin,2012,0,0
20,Bermudas,2012,0,0
21,Bolívia,2012,11868,16804
22,Bósnia-Herzegovina,2012,0,0
23,Brasil,2012,0,0
24,Bulgária,2012,0,0
25,Cabo Verde,2012,0,0
26,Camarões,2012,0,0
27,Canadá,2012,14304,146035
28,Catar,2012,0,0
29,"Cayman, Ilhas",2012,0,0
30,Chile,2012,8550,15438
31,China,2012,87905,642177
32,Chipre,2012,0,0
33,Cingapura,2012,1212,5310
34,"Cocos (Keeling), Ilhas",2012,0,0
35,Colômbia,2012,0,0
36,Comores,2012,0,0
37,Congo,2012,0,0
38,"Coreia, Republica Sul",2012,0,0
39,Costa do Marfim,2012,0,0
40,Costa Rica,2012,0,0
41,Croácia,2012,0,0
42,Cuba,2012,0,0
43,Curaçao,2012,0,0
44,Dinamarca,2012,4716,23802
45,Dominica,2012,0,0
46,El Salvador,2012,0,0
47,Emirados Arabes Unidos,2012,675,3300
48,Equador,2012,0,0
49,"Eslovaca, Republica",2012,0,0
50,Espanha,2012,0,0
51,Estados Unidos,2012,146585,303986
52,Estônia,2012,3321,19384
53,Filipinas,2012,0,0
54,Finlândia,2012,17100,67959
55,França,2012,195604,185791
56,Gana,2012,0,0
57,Gibraltar,2012,0,0
58,Granada,2012,0,0
59,Grécia,2012,0,0
60,Guatemala,2012,0,0
61,Guiana,2012,0,0
62,Guiana Francesa,2012,0,0
63,Guine Bissau,2012,0,0
64,Guine Equatorial,2012,819,2530
65,Haiti,2012,0,0
66,Honduras,2012,0,0
67,Hong Kong,2012,1609,7653
68,Hungria,2012,0,0
69,Ilha de Man,2012,0,0
70,Ilhas Virgens,2012,0,0
71,India,2012,0,0
72,Indonésia,2012,0,0
73,Irã,2012,0,0
74,Iraque,2012,0,0
75,Irlanda,2012,0,0
76,Itália,2012,792,5622
77,Jamaica,2012,0,0
78,Japão,2012,29281,116961
79,Jordânia,2012,0,0
80,Letônia,2012,0,0
81,Líbano,2012,0,0
82,Libéria,2012,0,0
83,Luxemburgo,2012,2444,16547
84,Macau,2012,0,0
85,Malásia,2012,0,0
86,Malavi,2012,0,0
87,Malta,2012,0,0
88,"Marshall, Ilhas",2012,0,0
89,Martinica,2012,0,0
90,Mauritânia,2012,0,0
91,México,2012,0,0
92,Moçambique,2012,0,0
93,Montenegro,2012,0,0
94,Namíbia,2012,0,0
95,Nicarágua,2012,0,0
96,Nigéria,2012,6449,10196
97,Noruega,2012,5104,31515
98,Nova Caledônia,2012,0,0
99,Nova Zelândia,2012,2364,8817
100,Omã,2012,0,0
101,Países Baixos,2012,134879,539641
102,Palau,2012,0,0
103,Panamá,2012,39,2262
104,Paraguai,2012,354824,428279
105,Peru,2012,0,0
106,Pitcairn,2012,0,0
107,Polônia,2012,21663,89158
108,Porto Rico,2012,0,0
109,Portugal,2012,47172,47022
110,Quênia,2012,94,458
111,Reino Unido,2012,82937,334856
112,República Dominicana,2012,0,0
113,Rússia,2012,4528176,2103968
114,São Cristóvão e Névis,2012,0,0
115,São Tomé e Príncipe,2012,0,0
116,São Vicente e Granadinas,2012,0,0
117,Senegal,2012,0,0
118,Serra Leoa,2012,0,0
119,Singapura,2012,0,0
120,Suazilândia,2012,0,0
121,Suécia,2012,2705,17280
122,Suíça,2012,4014,47240
123,Suriname,2012,396,1288
124,Tailândia,2012,0,0
125,Taiwan (Formosa),2012,0,0
126,Tanzânia,2012,0,0
127,"Tcheca, República",2012,7960,27789
128,Togo,2012,0,0
129,Toquelau,2012,0,0
130,Trinidade Tobago,2012,531,2720
131,Tunísia,2012,0,0
132,Turquia,2012,0,0
133,Tuvalu,2012,0,0
134,Uruguai,2012,1135,3879
135,Vanuatu,2012,0,0
136,Venezuela,2012,1029,7492
137,Vietnã,2012,0,0
1,Afeganistão,2013,0,0
2,África do Sul,2013,0,0
3,"Alemanha, República Democrática",2013,61699,265978
4,Angola,2013,1573,9300
5,Anguilla,2013,0,0
6,Antígua e Barbuda,2013,0,0
7,Antilhas Holandesas,2013,11281,19565
8,Arábia Saudita,2013,0,0
9,Argentina,2013,0,0
10,Aruba,2013,0,0
11,Austrália,2013,16707,101715
12,Áustria,2013,0,0
13,Bahamas,2013,581,5145
14,Bangladesh,2013,0,0
15,Barbados,2013,0,0
16,Barein,2013,0,0
17,Bélgica,2013,22461,95893
18,Belice,2013,0,0
19,Benin,2013,0,0
20,Bermudas,2013,0,0
21,Bolívia,2013,19147,25998
22,Bósnia-Herzegovina,2013,0,0
23,Brasil,2013,0,0
24,Bulgária,2013,0,0
25,Cabo Verde,2013,0,0
26,Camarões,2013,0,0
27,Canadá,2013,25329,174643
28,Catar,2013,0,0
29,"Cayman, Ilhas",2013,0,0
30,Chile,2013,0,0
31,China,2013,40929,279956
32,Chipre,2013,0,0
33,Cingapura,2013,766,5779
34,"Cocos (Keeling), Ilhas",2013,0,0
35,Colômbia,2013,8,30
36,Comores,2013,0,0
37,Congo,2013,0,0
38,"Coreia, Republica Sul",2013,0,0
39,Costa do Marfim,2013,0,0
40,Costa Rica,2013,0,0
41,Croácia,2013,0,0
42,Cuba,2013,0,0
43,Curaçao,2013,0,0
44,Dinamarca,2013,17892,101915
45,Dominica,2013,0,0
46,El Salvador,2013,0,0
47,Emirados Arabes Unidos,2013,0,0
48,Equador,2013,0,0
49,"Eslovaca, Republica",2013,0,0
50,Espanha,2013,1972980,3748940
51,Estados Unidos,2013,245368,786556
52,Estônia,2013,0,0
53,Filipinas,2013,0,0
54,Finlândia,2013,36682,283114
55,França,2013,6885,42256
56,Gana,2013,0,0
57,Gibraltar,2013,0,0
58,Granada,2013,0,0
59,Grécia,2013,0,0
60,Guatemala,2013,0,0
61,Guiana,2013,0,0
62,Guiana Francesa,2013,0,0
63,Guine Bissau,2013,0,0
64,Guine Equatorial,2013,1108,5336
65,Haiti,2013,0,0
66,Honduras,2013,0,0
67,Hong Kong,2013,16013,61224
68,Hungria,2013,0,0
69,Ilha de Man,2013,0,0
70,Ilhas Virgens,2013,0,0
71,India,2013,0,0
72,Indonésia,2013,0,0
73,Irã,2013,0,0
74,Iraque,2013,0,0
75,Irlanda,2013,0,0
76,Itália,2013,1710,11967
77,Jamaica,2013,0,0
78,Japão,2013,91988,429088
79,Jordânia,2013,0,0
80,Letônia,2013,0,0
81,Líbano,2013,0,0
82,Libéria,2013,0,0
83,Luxemburgo,2013,5135,29474
84,Macau,2013,0,0
85,Malásia,2013,0,0
86,Malavi,2013,0,0
87,Malta,2013,0,0
88,"Marshall, Ilhas",2013,0,0
89,Martinica,2013,0,0
90,Mauritânia,2013,0,0
91,México,2013,0,0
92,Moçambique,2013,0,0
93,Montenegro,2013,0,0
94,Namíbia,2013,0,0
95,Nicarágua,2013,0,0
96,Nigéria,2013,1350,2245
97,Noruega,2013,2375,19008
98,Nova Caledônia,2013,0,0
99,Nova Zelândia,2013,1004,4092
100,Omã,2013,0,0
101,Países Baixos,2013,57792,255690
102,Palau,2013,0,0
103,Panamá,2013,0,0
104,Paraguai,2013,481564,680828
105,Peru,2013,0,0
106,Pitcairn,2013,0,0
107,Polônia,2013,19249,90960
108,Porto Rico,2013,0,0
109,Portugal,2013,23810,17627
110,Quênia,2013,6,4
111,Reino Unido,2013,59161,305005
112,República Dominicana,2013,0,0
113,Rússia,2013,5893291,14795694
114,São Cristóvão e Névis,2013,0,0
115,São Tomé e Príncipe,2013,0,0
116,São Vicente e Granadinas,2013,0,0
117,Senegal,2013,0,0
118,Serra Leoa,2013,0,0
119,Singapura,2013,0,0
120,Suazilândia,2013,0,0
121,Suécia,2013,3195,20183
122,Suíça,2013,2997,29785
123,Suriname,2013,1800,2960
124,Tailândia,2013,0,0
125,Taiwan (Formosa),2013,0,0
126,Tanzânia,2013,0,0
127,"Tcheca, República",2013,3697,23549
128,Togo,2013,0,0
129,Toquelau,2013,0,0
130,Trinidade Tobago,2013,0,0
131,Tunísia,2013,0,0
132,Turquia,2013,0,0
133,Tuvalu,2013,0,0
134,Uruguai,2013,1526,13343
135,Vanuatu,2013,0,0
136,Venezuela,2013,0,0
137,Vietnã,2013,0,0
1,Afeganistão,2014,0,0
2,África do Sul,2014,0,0
3,"Alemanha, República Democrática",2014,213348,761653
4,Angola,2014,12182,23124
5,Anguilla,2014,0,0
6,Antígua e Barbuda,2014,0,0
7,Antilhas Holandesas,2014,4455,7169
8,Arábia Saudita,2014,0,0
9,Argentina,2014,20385,95130
10,Aruba,2014,450,755
11,Austrália,2014,6308,43709
12,Áustria,2014,0,0
13,Bahamas,2014,0,0
14,Bangladesh,2014,0,0
15,Barbados,2014,0,0
16,Barein,2014,0,0
17,Bélgica,2014,151320,704093
18,Belice,2014,0,0
19,Benin,2014,0,0
20,Bermudas,2014,0,0
21,Bolívia,2014,12534,18303
22,Bósnia-Herzegovina,2014,0,0
23,Brasil,2014,0,0
24,Bulgária,2014,0,0
25,Cabo Verde,2014,0,0
26,Camarões,2014,0,0
27,Canadá,2014,35082,226875
28,Catar,2014,0,0
29,"Cayman, Ilhas",2014,0,0
30,Chile,2014,0,0
31,China,2014,64040,455340
32,Chipre,2014,0,0
33,Cingapura,2014,541,3887
34,"Cocos (Keeling), Ilhas",2014,0,0
35,Colômbia,2014,0,0
36,Comores,2014,0,0
37,Congo,2014,0,0
38,"Coreia, Republica Sul",2014,0,0
39,Costa do Marfim,2014,0,0
40,Costa Rica,2014,0,0
41,Croácia,2014,0,0
42,Cuba,2014,38875,43200
43,Curaçao,2014,0,0
44,Dinamarca,2014,3240,16871
45,Dominica,2014,0,0
46,El Salvador,2014,0,0
47,Emirados Arabes Unidos,2014,640,3381
48,Equador,2014,0,0
49,"Eslovaca, Republica",2014,0,0
50,Espanha,2014,0,0
51,Estados Unidos,2014,222267,494216
52,Estônia,2014,0,0
53,Filipinas,2014,0,0
54,Finlândia,2014,12960,94962
55,França,2014,33755,167807
56,Gana,2014,0,0
57,Gibraltar,2014,0,0
58,Granada,2014,0,0
59,Grécia,2014,0,0
60,Guatemala,2014,0,0
61,Guiana,2014,0,0
62,Guiana Francesa,2014,0,0
63,Guine Bissau,2014,0,0
64,Guine Equatorial,2014,5646,11983
65,Haiti,2014,0,0
66,Honduras,2014,0,0
67,Hong Kong,2014,18130,63534
68,Hungria,2014,0,0
69,Ilha de Man,2014,0,0
70,Ilhas Virgens,2014,0,0
71,India,2014,0,0
72,Indonésia,2014,0,0
73,Irã,2014,0,0
74,Iraque,2014,0,0
75,Irlanda,2014,0,0
76,Itália,2014,604,2492
77,Jamaica,2014,0,0
78,Japão,2014,106426,401774
79,Jordânia,2014,0,0
80,Letônia,2014,0,0
81,Líbano,2014,0,0
82,Libéria,2014,0,0
83,Luxemburgo,2014,8281,52400
84,Macau,2014,0,0
85,Malásia,2014,0,0
86,Malavi,2014,0,0
87,Malta,2014,0,0
88,"Marshall, Ilhas",2014,0,0
89,Martinica,2014,0,0
90,Mauritânia,2014,0,0
91,México,2014,1521,24336
92,Moçambique,2014,0,0
93,Montenegro,2014,0,0
94,Namíbia,2014,0,0
95,Nicarágua,2014,0,0
96,Nigéria,2014,0,0
97,Noruega,2014,7179,50464
98,Nova Caledônia,2014,0,0
99,Nova Zelândia,2014,2800,13675
100,Omã,2014,0,0
101,Países Baixos,2014,165289,773767
102,Palau,2014,0,0
103,Panamá,2014,0,0
104,Paraguai,2014,521847,908028
105,Peru,2014,0,0
106,Pitcairn,2014,0,0
107,Polônia,2014,30181,107957
108,Porto Rico,2014,0,0
109,Portugal,2014,71544,79141
110,Quênia,2014,0,0
111,Reino Unido,2014,305807,1373747
112,República Dominicana,2014,0,0
113,Rússia,2014,190656,61440
114,São Cristóvão e Névis,2014,0,0
115,São Tomé e Príncipe,2014,0,0
116,São Vicente e Granadinas,2014,0,0
117,Senegal,2014,0,0
118,Serra Leoa,2014,0,0
119,Singapura,2014,0,0
120,Suazilândia,2014,0,0
121,Suécia,2014,10404,51057
122,Suíça,2014,27933,231762
123,Suriname,2014,6,19
124,Tailândia,2014,0,0
125,Taiwan (Formosa),2014,12519,67907
126,Tanzânia,2014,0,0
127,"Tcheca, República",2014,4500,35005
128,Togo,2014,0,0
129,Toquelau,2014,0,0
130,Trinidade Tobago,2014,360,1600
131,Tunísia,2014,0,0
132,Turquia,2014,0,0
133,Tuvalu,2014,0,0
134,Uruguai,2014,0,0
135,Vanuatu,2014,0,0
136,Venezuela,2014,14,232
137,Vietnã,2014,0,0
1,Afeganistão,2015,0,0
2,África do Sul,2015,0,0
3,"Alemanha, República Democrática",2015,10680,44780
4,Angola,2015,1908,17089
5,Anguilla,2015,0,0
6,Antígua e Barbuda,2015,0,0
7,Antilhas Holandesas,2015,6660,10545
8,Arábia Saudita,2015,0,0
9,Argentina,2015,0,0
10,Aruba,2015,0,0
11,Austrália,2015,7437,48011
12,Áustria,2015,0,0
13,Bahamas,2015,0,0
14,Bangladesh,2015,0,0
15,Barbados,2015,0,0
16,Barein,2015,0,0
17,Bélgica,2015,4473,26399
18,Belice,2015,0,0
19,Benin,2015,0,0
20,Bermudas,2015,0,0
21,Bolívia,2015,10674,12990
22,Bósnia-Herzegovina,2015,0,0
23,Brasil,2015,0,0
24,Bulgária,2015,0,0
25,Cabo Verde,2015,0,0
26,Camarões,2015,0,0
27,Canadá,2015,24547,118394
28,Catar,2015,0,0
29,"Cayman, Ilhas",2015,0,0
30,Chile,2015,0,0
31,China,2015,47609,222866
32,Chipre,2015,0,0
33,Cingapura,2015,1116,2774
34,"Cocos (Keeling), Ilhas",2015,0,0
35,Colômbia,2015,0,0
36,Comores,2015,0,0
37,Congo,2015,0,0
38,"Coreia, Republica Sul",2015,0,0
39,Costa do Marfim,2015,0,0
40,Costa Rica,2015,0,0
41,Croácia,2015,0,0
42,Cuba,2015,97965,108864
43,Curaçao,2015,0,0
44,Dinamarca,2015,7080,29306
45,Dominica,2015,0,0
46,El Salvador,2015,0,0
47,Emirados Arabes Unidos,2015,765,3740
48,Equador,2015,0,0
49,"Eslovaca, Republica",2015,0,0
50,Espanha,2015,0,0
51,Estados Unidos,2015,195896,524109
52,Estônia,2015,0,0
53,Filipinas,2015,0,0
54,Finlândia,2015,0,0
55,França,2015,1596,4749
56,Gana,2015,0,0
57,Gibraltar,2015,0,0
58,Granada,2015,0,0
59,Grécia,2015,0,0
60,Guatemala,2015,0,0
61,Guiana,2015,0,0
62,Guiana Francesa,2015,0,0
63,Guine Bissau,2015,0,0
64,Guine Equatorial,2015,0,0
65,Haiti,2015,0,0
66,Honduras,2015,0,0
67,Hong Kong,2015,1229,7837
68,Hungria,2015,0,0
69,Ilha de Man,2015,0,0
70,Ilhas Virgens,2015,0,0
71,India,2015,0,0
72,Indonésia,2015,0,0
73,Irã,2015,0,0
74,Iraque,2015,0,0
75,Irlanda,2015,0,0
76,Itália,2015,0,0
77,Jamaica,2015,0,0
78,Japão,2015,31597,87853
79,Jordânia,2015,0,0
80,Letônia,2015,0,0
81,Líbano,2015,0,0
82,Libéria,2015,0,0
83,Luxemburgo,2015,2295,17358
84,Macau,2015,0,0
85,Malásia,2015,0,0
86,Malavi,2015,0,0
87,Malta,2015,0,0
88,"Marshall, Ilhas",2015,0,0
89,Martinica,2015,0,0
90,Mauritânia,2015,0,0
91,México,2015,0,0
92,Moçambique,2015,0,0
93,Montenegro,2015,0,0
94,Namíbia,2015,0,0
95,Nicarágua,2015,0,0
96,Nigéria,2015,0,0
97,Noruega,2015,1058,6021
98,Nova Caledônia,2015,0,0
99,Nova Zelândia,2015,809,3476
100,Omã,2015,0,0
101,Países Baixos,2015,44987,186464
102,Palau,2015,0,0
103,Panamá,2015,0,0
104,Paraguai,2015,495428,741370
105,Peru,2015,0,0
106,Pitcairn,2015,0,0
107,Polônia,2015,11654,42781
108,Porto Rico,2015,0,0
109,Portugal,2015,47736,42586
110,Quênia,2015,0,0
111,Reino Unido,2015,68382,308407
112,República Dominicana,2015,0,0
113,Rússia,2015,47664,18240
114,São Cristóvão e Névis,2015,0,0
115,São Tomé e Príncipe,2015,0,0
116,São Vicente e Granadinas,2015,0,0
117,Senegal,2015,0,0
118,Serra Leoa,2015,0,0
119,Singapura,2015,0,0
120,Suazilândia,2015,0,0
121,Suécia,2015,1412,6404
122,Suíça,2015,15872,85790
123,Suriname,2015,453,713
124,Tailândia,2015,0,0
125,Taiwan (Formosa),2015,7200,23940
126,Tanzânia,2015,0,0
127,"Tcheca, República",2015,2297,15304
128,Togo,2015,0,0
129,Toquelau,2015,0,0
130,Trinidade Tobago,2015,0,0
131,Tunísia,2015,0,0
132,Turquia,2015,0,0
133,Tuvalu,2015,0,0
134,Uruguai,2015,0,0
135,Vanuatu,2015,0,0
136,Venezuela,2015,0,0
137,Vietnã,2015,0,0
1,Afeganistão,2016,0,0
2,África do Sul,2016,0,0
3,"Alemanha, República Democrática",2016,14012,68109
4,Angola,2016,7359,35390
5,Anguilla,2016,0,0
6,Antígua e Barbuda,2016,0,0
7,Antilhas Holandesas,2016,16641,26450
8,Arábia Saudita,2016,0,0
9,Argentina,2016,0,0
10,Aruba,2016,0,0
11,Austrália,2016,1954,13799
12,Áustria,2016,675,5220
13,Bahamas,2016,0,0
14,Bangladesh,2016,0,0
15,Barbados,2016,0,0
16,Barein,2016,0,0
17,Bélgica,2016,7200,46534
18,Belice,2016,0,0
19,Benin,2016,5040,20333
20,Bermudas,2016,0,0
21,Bolívia,2016,13586,16902
22,Bósnia-Herzegovina,2016,0,0
23,Brasil,2016,0,0
24,Bulgária,2016,0,0
25,Cabo Verde,2016,0,0
26,Camarões,2016,0,0
27,Canadá,2016,13711,71096
28,Catar,2016,0,0
29,"Cayman, Ilhas",2016,0,0
30,Chile,2016,0,0
31,China,2016,134106,499622
32,Chipre,2016,0,0
33,Cingapura,2016,5445,13199
34,"Cocos (Keeling), Ilhas",2016,0,0
35,Colômbia,2016,0,0
36,Comores,2016,0,0
37,Congo,2016,0,0
38,"Coreia, Republica Sul",2016,8,20
39,Costa do Marfim,2016,0,0
40,Costa Rica,2016,0,0
41,Croácia,2016,0,0
42,Cuba,2016,63741,69830
43,Curaçao,2016,0,0
44,Dinamarca,2016,1278,8171
45,Dominica,2016,0,0
46,El Salvador,2016,0,0
47,Emirados Arabes Unidos,2016,585,2760
48,Equador,2016,0,0
49,"Eslovaca, Republica",2016,0,0
50,Espanha,2016,0,0
51,Estados Unidos,2016,258072,687411
52,Estônia,2016,900,4800
53,Filipinas,2016,0,0
54,Finlândia,2016,7617,41003
55,França,2016,6037,30055
56,Gana,2016,0,0
57,Gibraltar,2016,0,0
58,Granada,2016,0,0
59,Grécia,2016,0,0
60,Guatemala,2016,0,0
61,Guiana,2016,0,0
62,Guiana Francesa,2016,0,0
63,Guine Bissau,2016,0,0
64,Guine Equatorial,2016,0,0
65,Haiti,2016,0,0
66,Honduras,2016,0,0
67,Hong Kong,2016,6975,86199
68,Hungria,2016,0,0
69,Ilha de Man,2016,0,0
70,Ilhas Virgens,2016,0,0
71,India,2016,0,0
72,Indonésia,2016,0,0
73,Irã,2016,0,0
74,Iraque,2016,0,0
75,Irlanda,2016,0,0
76,Itália,2016,585,3465
77,Jamaica,2016,0,0
78,Japão,2016,34341,90954
79,Jordânia,2016,0,0
80,Letônia,2016,0,0
81,Líbano,2016,0,0
82,Libéria,2016,0,0
83,Luxemburgo,2016,2759,21426
84,Macau,2016,0,0
85,Malásia,2016,0,0
86,Malavi,2016,0,0
87,Malta,2016,0,0
88,"Marshall, Ilhas",2016,0,0
89,Martinica,2016,0,0
90,Mauritânia,2016,0,0
91,México,2016,0,0
92,Moçambique,2016,0,0
93,Montenegro,2016,0,0
94,Namíbia,2016,0,0
95,Nicarágua,2016,0,0
96,Nigéria,2016,0,0
97,Noruega,2016,0,0
98,Nova Caledônia,2016,0,0
99,Nova Zelândia,2016,504,9472
100,Omã,2016,0,0
101,Países Baixos,2016,42953,190203
102,Palau,2016,0,0
103,Panamá,2016,0,0
104,Paraguai,2016,985739,1655417
105,Peru,2016,0,0
106,Pitcairn,2016,0,0
107,Polônia,2016,11457,35402
108,Porto Rico,2016,0,0
109,Portugal,2016,0,0
110,Quênia,2016,0,0
111,Reino Unido,2016,117044,536681
112,República Dominicana,2016,0,0
113,Rússia,2016,0,0
114,São Cristóvão e Névis,2016,0,0
115,São Tomé e Príncipe,2016,0,0
116,São Vicente e Granadinas,2016,0,0
117,Senegal,2016,0,0
118,Serra Leoa,2016,0,0
119,Singapura,2016,0,0
120,Suazilândia,2016,0,0
121,Suécia,2016,291,1214
122,Suíça,2016,4230,33340
123,Suriname,2016,900,1375
124,Tailândia,2016,0,0
125,Taiwan (Formosa),2016,16967,80379
126,Tanzânia,2016,0,0
127,"Tcheca, República",2016,3837,28473
128,Togo,2016,0,0
129,Toquelau,2016,0,0
130,Trinidade Tobago,2016,0,0
131,Tunísia,2016,0,0
132,Turquia,2016,0,0
133,Tuvalu,2016,0,0
134,Uruguai,2016,0,0
135,Vanuatu,2016,0,0
136,Venezuela,2016,0,0
137,Vietnã,2016,0,0
1,Afeganistão,2017,0,0
2,África do Sul,2017,0,0
3,"Alemanha, República Democrática",2017,15467,87702
4,Angola,2017,10170,61680
5,Anguilla,2017,0,0
6,Antígua e Barbuda,2017,0,0
7,Antilhas Holandesas,2017,5400,8550
8,Arábia Saudita,2017,0,0
9,Argentina,2017,0,0
10,Aruba,2017,0,0
11,Austrália,2017,1350,7500
12,Áustria,2017,0,0
13,Bahamas,2017,0,0
14,Bangladesh,2017,0,0
15,Barbados,2017,0,0
16,Barein,2017,0,0
17,Bélgica,2017,2790,16405
18,Belice,2017,0,0
19,Benin,2017,0,0
20,Bermudas,2017,0,0
21,Bolívia,2017,9495,23085
22,Bósnia-Herzegovina,2017,0,0
23,Brasil,2017,0,0
24,Bulgária,2017,117,1579
25,Cabo Verde,2017,0,0
26,Camarões,2017,1749,7476
27,Canadá,2017,6075,30658
28,Catar,2017,13338,81606
29,"Cayman, Ilhas",2017,0,0
30,Chile,2017,0,0
31,China,2017,67594,266086
32,Chipre,2017,0,0
33,Cingapura,2017,0,0
34,"Cocos (Keeling), Ilhas",2017,0,0
35,Colômbia,2017,0,0
36,Comores,2017,0,0
37,Congo,2017,0,0
38,"Coreia, Republica Sul",2017,0,0
39,Costa do Marfim,2017,0,0
40,Costa Rica,2017,0,0
41,Croácia,2017,0,0
42,Cuba,2017,62791,72229
43,Curaçao,2017,12340,23011
44,Dinamarca,2017,581,2829
45,Dominica,2017,0,0
46,El Salvador,2017,0,0
47,Emirados Arabes Unidos,2017,675,3302
48,Equador,2017,0,0
49,"Eslovaca, Republica",2017,0,0
50,Espanha,2017,0,0
51,Estados Unidos,2017,132688,1523699
52,Estônia,2017,0,0
53,Filipinas,2017,0,0
54,Finlândia,2017,0,0
55,França,2017,4253,21654
56,Gana,2017,0,0
57,Gibraltar,2017,0,0
58,Granada,2017,0,0
59,Grécia,2017,0,0
60,Guatemala,2017,0,0
61,Guiana,2017,0,0
62,Guiana Francesa,2017,0,0
63,Guine Bissau,2017,48,90
64,Guine Equatorial,2017,2639,30563
65,Haiti,2017,0,0
66,Honduras,2017,0,0
67,Hong Kong,2017,1934,8180
68,Hungria,2017,0,0
69,Ilha de Man,2017,0,0
70,Ilhas Virgens,2017,0,0
71,India,2017,0,0
72,Indonésia,2017,0,0
73,Irã,2017,0,0
74,Iraque,2017,0,0
75,Irlanda,2017,0,0
76,Itália,2017,468,2248
77,Jamaica,2017,0,0
78,Japão,2017,33909,92886
79,Jordânia,2017,0,0
80,Letônia,2017,387,3723
81,Líbano,2017,0,0
82,Libéria,2017,0,0
83,Luxemburgo,2017,2719,21947
84,Macau,2017,0,0
85,Malásia,2017,0,0
86,Malavi,2017,0,0
87,Malta,2017,0,0
88,"Marshall, Ilhas",2017,0,0
89,Martinica,2017,0,0
90,Mauritânia,2017,0,0
91,México,2017,664,2292
92,Moçambique,2017,0,0
93,Montenegro,2017,0,0
94,Namíbia,2017,0,0
95,Nicarágua,2017,0,0
96,Nigéria,2017,0,0
97,Noruega,2017,0,0
98,Nova Caledônia,2017,0,0
99,Nova Zelândia,2017,1678,8140
100,Omã,2017,0,0
101,Países Baixos,2017,0,0
102,Palau,2017,0,0
103,Panamá,2017,0,0
104,Paraguai,2017,2393468,4274650
105,Peru,2017,0,0
106,Pitcairn,2017,0,0
107,Polônia,2017,0,0
108,Porto Rico,2017,0,0
109,Portugal,2017,0,0
110,Quênia,2017,0,0
111,Reino Unido,2017,60711,242883
112,República Dominicana,2017,0,0
113,Rússia,2017,0,0
114,São Cristóvão e Névis,2017,0,0
115,São Tomé e Príncipe,2017,0,0
116,São Vicente e Granadinas,2017,0,0
117,Senegal,2017,0,0
118,Serra Leoa,2017,0,0
119,Singapura,2017,0,0
120,Suazilândia,2017,0,0
121,Suécia,2017,15445,64953
122,Suíça,2017,6525,74816
123,Suriname,2017,3690,5638
124,Tailândia,2017,0,0
125,Taiwan (Formosa),2017,14988,43954
126,Tanzânia,2017,0,0
127,"Tcheca, República",2017,2746,16947
128,Togo,2017,0,0
129,Toquelau,2017,0,0
130,Trinidade Tobago,2017,0,0
131,Tunísia,2017,0,0
132,Turquia,2017,0,0
133,Tuvalu,2017,0,0
134,Uruguai,2017,0,0
135,Vanuatu,2017,0,0
136,Venezuela,2017,680,2646
137,Vietnã,2017,0,0
1,Afeganistão,2018,0,0
2,África do Sul,2018,0,0
3,"Alemanha, República Democrática",2018,10794,45382
4,Angola,2018,477,709
5,Anguilla,2018,0,0
6,Antígua e Barbuda,2018,37,191
7,Antilhas Holandesas,2018,0,0
8,Arábia Saudita,2018,0,0
9,Argentina,2018,15711,59150
10,Aruba,2018,0,0
11,Austrália,2018,2055,6902
12,Áustria,2018,0,0
13,Bahamas,2018,141,634
14,Bangladesh,2018,0,0
15,Barbados,2018,0,0
16,Barein,2018,0,0
17,Bélgica,2018,7497,52799
18,Belice,2018,0,0
19,Benin,2018,0,0
20,Bermudas,2018,0,0
21,Bolívia,2018,21566,57424
22,Bósnia-Herzegovina,2018,0,0
23,Brasil,2018,0,0
24,Bulgária,2018,0,0
25,Cabo Verde,2018,18,48
26,Camarões,2018,0,0
27,Canadá,2018,5308,20414
28,Catar,2018,0,0
29,"Cayman, Ilhas",2018,19,203
30,Chile,2018,11049,42832
31,China,2018,30835,126336
32,Chipre,2018,279,480
33,Cingapura,2018,3298,11616
34,"Cocos (Keeling), Ilhas",2018,0,0
35,Colômbia,2018,6944,26273
36,Comores,2018,0,0
37,Congo,2018,0,0
38,"Coreia, Republica Sul",2018,120,109
39,Costa do Marfim,2018,0,0
40,Costa Rica,2018,0,0
41,Croácia,2018,0,0
42,Cuba,2018,4776,5584
43,Curaçao,2018,23930,43676
44,Dinamarca,2018,0,0
45,Dominica,2018,0,0
46,El Salvador,2018,0,0
47,Emirados Arabes Unidos,2018,360,1762
48,Equador,2018,0,0
49,"Eslovaca, Republica",2018,0,0
50,Espanha,2018,6123,22631
51,Estados Unidos,2018,169109,512519
52,Estônia,2018,0,0
53,Filipinas,2018,9608,16205
54,Finlândia,2018,0,0
55,França,2018,11077,48677
56,Gana,2018,9000,13502
57,Gibraltar,2018,0,0
58,Granada,2018,0,0
59,Grécia,2018,232,730
60,Guatemala,2018,0,0
61,Guiana,2018,0,0
62,Guiana Francesa,2018,0,0
63,Guine Bissau,2018,0,0
64,Guine Equatorial,2018,8389,26808
65,Haiti,2018,79500,144425
66,Honduras,2018,0,0
67,Hong Kong,2018,1742,9029
68,Hungria,2018,0,0
69,Ilha de Man,2018,0,0
70,Ilhas Virgens,2018,0,0
71,India,2018,0,0
72,Indonésia,2018,0,0
73,Irã,2018,0,0
74,Iraque,2018,0,0
75,Irlanda,2018,7560,25767
76,Itália,2018,3661,13260
77,Jamaica,2018,0,0
78,Japão,2018,36992,112342
79,Jordânia,2018,0,0
80,Letônia,2018,0,0
81,Líbano,2018,0,0
82,Libéria,2018,658,3100
83,Luxemburgo,2018,1778,11053
84,Macau,2018,0,0
85,Malásia,2018,15,33
86,Malavi,2018,0,0
87,Malta,2018,503,1192
88,"Marshall, Ilhas",2018,923,2436
89,Martinica,2018,0,0
90,Mauritânia,2018,0,0
91,México,2018,2748,9744
92,Moçambique,2018,0,0
93,Montenegro,2018,0,0
94,Namíbia,2018,0,0
95,Nicarágua,2018,0,0
96,Nigéria,2018,5175,6250
97,Noruega,2018,1295,9847
98,Nova Caledônia,2018,0,0
99,Nova Zelândia,2018,969,5565
100,Omã,2018,0,0
101,Países Baixos,2018,9451,32395
102,Palau,2018,0,0
103,Panamá,2018,1183,3117
104,Paraguai,2018,3234168,5494321
105,Peru,2018,5193,19372
106,Pitcairn,2018,0,0
107,Polônia,2018,720,4679
108,Porto Rico,2018,0,0
109,Portugal,2018,0,0
110,Quênia,2018,6771,31225
111,Reino Unido,2018,67708,296827
112,República Dominicana,2018,0,0
113,Rússia,2018,0,0
114,São Cristóvão e Névis,2018,0,0
115,São Tomé e Príncipe,2018,2184,2357
116,São Vicente e Granadinas,2018,0,0
117,Senegal,2018,0,0
118,Serra Leoa,2018,0,0
119,Singapura,2018,0,0
120,Suazilândia,2018,0,0
121,Suécia,2018,8062,34563
122,Suíça,2018,0,0
123,Suriname,2018,0,0
124,Tailândia,2018,8,45
125,Taiwan (Formosa),2018,7589,18421
126,Tanzânia,2018,0,0
127,"Tcheca, República",2018,2712,20980
128,Togo,2018,0,0
129,Toquelau,2018,0,0
130,Trinidade Tobago,2018,0,0
131,Tunísia,2018,0,0
132,Turquia,2018,360,150
133,Tuvalu,2018,0,0
134,Uruguai,2018,7711,29617
135,Vanuatu,2018,0,0
136,Venezuela,2018,71,355
137,Vietnã,2018,0,0
1,Afeganistão,2019,0,0
2,África do Sul,2019,26,95
3,"Alemanha, República Democrática",2019,3660,25467
4,Angola,2019,345,1065
5,Anguilla,2019,0,0
6,Antígua e Barbuda,2019,219,1549
7,Antilhas Holandesas,2019,0,0
8,Arábia Saudita,2019,0,0
9,Argentina,2019,0,0
10,Aruba,2019,0,0
11,Austrália,2019,1161,4682
12,Áustria,2019,0,0
13,Bahamas,2019,791,3124
14,Bangladesh,2019,0,0
15,Barbados,2019,36,394
16,Barein,2019,482,2144
17,Bélgica,2019,2498,12548
18,Belice,2019,9,29
19,Benin,2019,9,9
20,Bermudas,2019,0,0
21,Bolívia,2019,0,0
22,Bósnia-Herzegovina,2019,0,0
23,Brasil,2019,0,0
24,Bulgária,2019,0,0
25,Cabo Verde,2019,0,0
26,Camarões,2019,0,0
27,Canadá,2019,1589,6933
28,Catar,2019,0,0
29,"Cayman, Ilhas",2019,19,106
30,Chile,2019,0,0
31,China,2019,129852,376828
32,Chipre,2019,672,1843
33,Cingapura,2019,5044,19099
34,"Cocos (Keeling), Ilhas",2019,0,0
35,Colômbia,2019,897,1999
36,Comores,2019,0,0
37,Congo,2019,0,0
38,"Coreia, Republica Sul",2019,70,194
39,Costa do Marfim,2019,0,0
40,Costa Rica,2019,0,0
41,Croácia,2019,0,0
42,Cuba,2019,0,0
43,Curaçao,2019,33951,62067
44,Dinamarca,2019,240,306
45,Dominica,2019,0,0
46,El Salvador,2019,0,0
47,Emirados Arabes Unidos,2019,450,2202
48,Equador,2019,2,3
49,"Eslovaca, Republica",2019,0,0
50,Espanha,2019,3540,1353
51,Estados Unidos,2019,209765,616274
52,Estônia,2019,0,0
53,Filipinas,2019,736,2486
54,Finlândia,2019,0,0
55,França,2019,18286,67072
56,Gana,2019,7673,10010
57,Gibraltar,2019,23,93
58,Granada,2019,0,0
59,Grécia,2019,561,1994
60,Guatemala,2019,1597,8719
61,Guiana,2019,424,1311
62,Guiana Francesa,2019,0,0
63,Guine Bissau,2019,0,0
64,Guine Equatorial,2019,0,0
65,Haiti,2019,81873,129803
66,Honduras,2019,0,0
67,Hong Kong,2019,9651,42020
68,Hungria,2019,0,0
69,Ilha de Man,2019,28,175
70,Ilhas Virgens,2019,0,0
71,India,2019,51,273
72,Indonésia,2019,0,0
73,Irã,2019,0,0
74,Iraque,2019,0,0
75,Irlanda,2019,0,0
76,Itália,2019,587,1625
77,Jamaica,2019,0,0
78,Japão,2019,40621,99642
79,Jordânia,2019,0,0
80,Letônia,2019,0,0
81,Líbano,2019,0,0
82,Libéria,2019,4441,20068
83,Luxemburgo,2019,1666,11211
84,Macau,2019,0,0
85,Malásia,2019,48,110
86,Malavi,2019,0,0
87,Malta,2019,3661,8828
88,"Marshall, Ilhas",2019,7276,15786
89,Martinica,2019,0,0
90,Mauritânia,2019,0,0
91,México,2019,4,4
92,Moçambique,2019,0,0
93,Montenegro,2019,9,46
94,Namíbia,2019,0,0
95,Nicarágua,2019,0,0
96,Nigéria,2019,28437,38555
97,Noruega,2019,628,3139
98,Nova Caledônia,2019,0,0
99,Nova Zelândia,2019,500,2832
100,Omã,2019,0,0
101,Países Baixos,2019,44882,148031
102,Palau,2019,0,0
103,Panamá,2019,7918,29017
104,Paraguai,2019,2419537,3826587
105,Peru,2019,9755,17310
106,Pitcairn,2019,0,0
107,Polônia,2019,5,11
108,Porto Rico,2019,0,0
109,Portugal,2019,18328,72413
110,Quênia,2019,0,0
111,Reino Unido,2019,34295,164592
112,República Dominicana,2019,0,0
113,Rússia,2019,0,0
114,São Cristóvão e Névis,2019,0,0
115,São Tomé e Príncipe,2019,0,0
116,São Vicente e Granadinas,2019,0,0
117,Senegal,2019,0,0
118,Serra Leoa,2019,18,717
119,Singapura,2019,0,0
120,Suazilândia,2019,0,0
121,Suécia,2019,28,761
122,Suíça,2019,2223,28503
123,Suriname,2019,3206,4741
124,Tailândia,2019,128,832
125,Taiwan (Formosa),2019,12,67
126,Tanzânia,2019,0,0
127,"Tcheca, República",2019,2115,16391
128,Togo,2019,0,0
129,Toquelau,2019,0,0
130,Trinidade Tobago,2019,0,0
131,Tunísia,2019,0,0
132,Turquia,2019,115,209
133,Tuvalu,2019,0,0
134,Uruguai,2019,6180,18497
135,Vanuatu,2019,0,0
136,Venezuela,2019,0,0
137,Vietnã,2019,20,32
1,Afeganistão,2020,0,0
2,África do Sul,2020,4,21
3,"Alemanha, República Democrática",2020,6261,32605
4,Angola,2020,0,0
5,Anguilla,2020,0,0
6,Antígua e Barbuda,2020,624,1864
7,Antilhas Holandesas,2020,0,0
8,Arábia Saudita,2020,0,0
9,Argentina,2020,1015,4176
10,Aruba,2020,0,0
11,Austrália,2020,1013,3413
12,Áustria,2020,0,0
13,Bahamas,2020,1212,3703
14,Bangladesh,2020,3,29
15,Barbados,2020,143,169
16,Barein,2020,8,28
17,Bélgica,2020,3166,20460
18,Belice,2020,0,0
19,Benin,2020,0,0
20,Bermudas,2020,0,0
21,Bolívia,2020,9900,16025
22,Bósnia-Herzegovina,2020,45,52
23,Brasil,2020,0,0
24,Bulgária,2020,0,0
25,Cabo Verde,2020,0,0
26,Camarões,2020,0,178
27,Canadá,2020,1672,8431
28,Catar,2020,0,0
29,"Cayman, Ilhas",2020,123,339
30,Chile,2020,11,13
31,China,2020,122253,363000
32,Chipre,2020,2478,6785
33,Cingapura,2020,4049,9316
34,"Cocos (Keeling), Ilhas",2020,0,0
35,Colômbia,2020,15660,23780
36,Comores,2020,9,25
37,Congo,2020,0,0
38,"Coreia, Republica Sul",2020,103,433
39,Costa do Marfim,2020,0,0
40,Costa Rica,2020,0,0
41,Croácia,2020,21,123
42,Cuba,2020,0,0
43,Curaçao,2020,47962,65986
44,Dinamarca,2020,659,1962
45,Dominica,2020,0,0
46,El Salvador,2020,0,0
47,Emirados Arabes Unidos,2020,581,2279
48,Equador,2020,3780,3824
49,"Eslovaca, Republica",2020,0,0
50,Espanha,2020,28,126
51,Estados Unidos,2020,300178,610793
52,Estônia,2020,0,0
53,Filipinas,2020,719,1548
54,Finlândia,2020,0,0
55,França,2020,12622,57144
56,Gana,2020,18810,22027
57,Gibraltar,2020,769,2860
58,Granada,2020,0,0
59,Grécia,2020,6859,18092
60,Guatemala,2020,0,0
61,Guiana,2020,990,2577
62,Guiana Francesa,2020,0,0
63,Guine Bissau,2020,0,0
64,Guine Equatorial,2020,0,0
65,Haiti,2020,399128,471152
66,Honduras,2020,0,0
67,Hong Kong,2020,15159,41987
68,Hungria,2020,0,0
69,Ilha de Man,2020,11,121
70,Ilhas Virgens,2020,0,0
71,India,2020,7,10
72,Indonésia,2020,5,6
73,Irã,2020,21,35
74,Iraque,2020,0,0
75,Irlanda,2020,29,257
76,Itália,2020,91,376
77,Jamaica,2020,0,0
78,Japão,2020,36442,92674
79,Jordânia,2020,12,52
80,Letônia,2020,0,0
81,Líbano,2020,0,0
82,Libéria,2020,5155,17624
83,Luxemburgo,2020,1086,5110
84,Macau,2020,0,0
85,Malásia,2020,0,0
86,Malavi,2020,0,0
87,Malta,2020,3490,9688
88,"Marshall, Ilhas",2020,6270,19639
89,Martinica,2020,0,0
90,Mauritânia,2020,0,0
91,México,2020,24,226
92,Moçambique,2020,0,0
93,Montenegro,2020,9,20
94,Namíbia,2020,0,0
95,Nicarágua,2020,0,0
96,Nigéria,2020,12094,26514
97,Noruega,2020,1859,15134
98,Nova Caledônia,2020,0,0
99,Nova Zelândia,2020,95,515
100,Omã,2020,0,0
101,Países Baixos,2020,248,1532
102,Palau,2020,0,0
103,Panamá,2020,10821,28372
104,Paraguai,2020,3299013,3869243
105,Peru,2020,0,0
106,Pitcairn,2020,0,0
107,Polônia,2020,74,86
108,Porto Rico,2020,0,0
109,Portugal,2020,7958,34518
110,Quênia,2020,0,0
111,Reino Unido,2020,22913,82722
112,República Dominicana,2020,0,0
113,Rússia,2020,1463,8550
114,São Cristóvão e Névis,2020,0,0
115,São Tomé e Príncipe,2020,0,0
116,São Vicente e Granadinas,2020,0,0
117,Senegal,2020,0,0
118,Serra Leoa,2020,9240,13050
119,Singapura,2020,0,0
120,Suazilândia,2020,0,0
121,Suécia,2020,6,24
122,Suíça,2020,2827,27930
123,Suriname,2020,4185,5277
124,Tailândia,2020,534,1753
125,Taiwan (Formosa),2020,963,4673
126,Tanzânia,2020,0,0
127,"Tcheca, República",2020,563,4805
128,Togo,2020,0,0
129,Toquelau,2020,0,0
130,Trinidade Tobago,2020,0,0
131,Tunísia,2020,0,0
132,Turquia,2020,0,0
133,Tuvalu,2020,2,4
134,Uruguai,2020,0,0
135,Vanuatu,2020,18,31
136,Venezuela,2020,4086,9808
137,Vietnã,2020,86,584
1,Afeganistão,2021,11,46
2,África do Sul,2021,0,0
3,"Alemanha, República Democrática",2021,2698,6741
4,Angola,2021,0,0
5,Anguilla,2021,0,0
6,Antígua e Barbuda,2021,805,2268
7,Antilhas Holandesas,2021,0,0
8,Arábia Saudita,2021,0,0
9,Argentina,2021,6,13
10,Aruba,2021,0,0
11,Austrália,2021,705,4034
12,Áustria,2021,0,0
13,Bahamas,2021,1083,4567
14,Bangladesh,2021,2,20
15,Barbados,2021,216,844
16,Barein,2021,302,894
17,Bélgica,2021,483,3749
18,Belice,2021,0,0
19,Benin,2021,0,0
20,Bermudas,2021,0,0
21,Bolívia,2021,5850,8360
22,Bósnia-Herzegovina,2021,0,0
23,Brasil,2021,31,46
24,Bulgária,2021,0,0
25,Cabo Verde,2021,16,124
26,Camarões,2021,0,0
27,Canadá,2021,1172,6157
28,Catar,2021,1,2
29,"Cayman, Ilhas",2021,104,356
30,Chile,2021,26,6
31,China,2021,61884,264116
32,Chipre,2021,1855,4530
33,Cingapura,2021,0,0
34,"Cocos (Keeling), Ilhas",2021,0,0
35,Colômbia,2021,12160,21867
36,Comores,2021,0,0
37,Congo,2021,0,0
38,"Coreia, Republica Sul",2021,67,100
39,Costa do Marfim,2021,0,0
40,Costa Rica,2021,0,0
41,Croácia,2021,0,0
42,Cuba,2021,0,0
43,Curaçao,2021,32263,58993
44,Dinamarca,2021,87,504
45,Dominica,2021,460,634
46,El Salvador,2021,0,0
47,Emirados Arabes Unidos,2021,810,10522
48,Equador,2021,0,0
49,"Eslovaca, Republica",2021,0,0
50,Espanha,2021,0,0
51,Estados Unidos,2021,111085,203554
52,Estônia,2021,0,0
53,Filipinas,2021,2784,10368
54,Finlândia,2021,0,0
55,França,2021,7052,23742
56,Gana,2021,12578,19196
57,Gibraltar,2021,0,0
58,Granada,2021,0,0
59,Grécia,2021,908,3014
60,Guatemala,2021,17347,29100
61,Guiana,2021,2372,6525
62,Guiana Francesa,2021,90,32
63,Guine Bissau,2021,0,0
64,Guine Equatorial,2021,0,0
65,Haiti,2021,670379,831181
66,Honduras,2021,0,0
67,Hong Kong,2021,12507,39390
68,Hungria,2021,87,583
69,Ilha de Man,2021,97,445
70,Ilhas Virgens,2021,0,0
71,India,2021,13,86
72,Indonésia,2021,0,0
73,Irã,2021,116,287
74,Iraque,2021,0,0
75,Irlanda,2021,36,208
76,Itália,2021,696,3715
77,Jamaica,2021,0,0
78,Japão,2021,39491,90275
79,Jordânia,2021,0,0
80,Letônia,2021,0,0
81,Líbano,2021,0,0
82,Libéria,2021,7554,23060
83,Luxemburgo,2021,0,0
84,Macau,2021,0,0
85,Malásia,2021,0,0
86,Malavi,2021,0,0
87,Malta,2021,3441,15454
88,"Marshall, Ilhas",2021,8644,22561
89,Martinica,2021,0,0
90,Mauritânia,2021,9,85
91,México,2021,9,2
92,Moçambique,2021,0,0
93,Montenegro,2021,14,65
94,Namíbia,2021,0,0
95,Nicarágua,2021,0,0
96,Nigéria,2021,68247,113172
97,Noruega,2021,1878,8320
98,Nova Caledônia,2021,7227,11924
99,Nova Zelândia,2021,657,10477
100,Omã,2021,0,0
101,Países Baixos,2021,3791,8484
102,Palau,2021,0,0
103,Panamá,2021,29520,48444
104,Paraguai,2021,6522527,7192362
105,Peru,2021,9720,17107
106,Pitcairn,2021,0,0
107,Polônia,2021,4,14
108,Porto Rico,2021,0,0
109,Portugal,2021,6358,42633
110,Quênia,2021,0,0
111,Reino Unido,2021,25316,122394
112,República Dominicana,2021,0,0
113,Rússia,2021,181931,312926
114,São Cristóvão e Névis,2021,0,0
115,São Tomé e Príncipe,2021,0,0
116,São Vicente e Granadinas,2021,8,48
117,Senegal,2021,0,0
118,Serra Leoa,2021,6525,12955
119,Singapura,2021,4504,14346
120,Suazilândia,2021,10,24
121,Suécia,2021,23,74
122,Suíça,2021,627,6999
123,Suriname,2021,900,1472
124,Tailândia,2021,1334,2529
125,Taiwan (Formosa),2021,1313,8153
126,Tanzânia,2021,0,0
127,"Tcheca, República",2021,456,5988
128,Togo,2021,1890,2012
129,Toquelau,2021,0,0
130,Trinidade Tobago,2021,0,0
131,Tunísia,2021,0,0
132,Turquia,2021,343,878
133,Tuvalu,2021,0,0
134,Uruguai,2021,136774,149842
135,Vanuatu,2021,0,0
136,Venezuela,2021,26415,35944
137,Vietnã,2021,0,0
1,Afeganistão,2022,0,0
2,África do Sul,2022,0,0
3,"Alemanha, República Democrática",2022,7630,45367
4,Angola,2022,4068,4761
5,Anguilla,2022,0,0
6,Antígua e Barbuda,2022,419,1866
7,Antilhas Holandesas,2022,0,0
8,Arábia Saudita,2022,0,0
9,Argentina,2022,480,3232
10,Aruba,2022,0,0
11,Austrália,2022,1424,12299
12,Áustria,2022,6,212
13,Bahamas,2022,1215,5799
14,Bangladesh,2022,7,84
15,Barbados,2022,220,1145
16,Barein,2022,979,2789
17,Bélgica,2022,828,6145
18,Belice,2022,0,0
19,Benin,2022,0,0
20,Bermudas,2022,0,0
21,Bolívia,2022,32530,49011
22,Bósnia-Herzegovina,2022,0,0
23,Brasil,2022,2504,952
24,Bulgária,2022,5,31
25,Cabo Verde,2022,0,0
26,Camarões,2022,0,0
27,Canadá,2022,1183,5784
28,Catar,2022,0,0
29,"Cayman, Ilhas",2022,160,958
30,Chile,2022,2094,7986
31,China,2022,105395,404647
32,Chipre,2022,1521,4458
33,Cingapura,2022,0,0
34,"Cocos (Keeling), Ilhas",2022,26,60
35,Colômbia,2022,8217,14068
36,Comores,2022,0,0
37,Congo,2022,0,0
38,"Coreia, Republica Sul",2022,77,257
39,Costa do Marfim,2022,0,0
40,Costa Rica,2022,0,0
41,Croácia,2022,34,484
42,Cuba,2022,16,6
43,Curaçao,2022,40673,66950
44,Dinamarca,2022,2,6
45,Dominica,2022,1485,2223
46,El Salvador,2022,0,0
47,Emirados Arabes Unidos,2022,4781,85465
48,Equador,2022,135,210
49,"Eslovaca, Republica",2022,0,0
50,Espanha,2022,0,0
51,Estados Unidos,2022,220373,447893
52,Estônia,2022,0,0
53,Filipinas,2022,375,790
54,Finlândia,2022,0,0
55,França,2022,5694,25008
56,Gana,2022,35949,49304
57,Gibraltar,2022,0,0
58,Granada,2022,5610,7914
59,Grécia,2022,920,2426
60,Guatemala,2022,1283,5350
61,Guiana,2022,2064,5823
62,Guiana Francesa,2022,22,18
63,Guine Bissau,2022,0,0
64,Guine Equatorial,2022,0,0
65,Haiti,2022,553503,741014
66,Honduras,2022,0,0
67,Hong Kong,2022,9371,38218
68,Hungria,2022,0,0
69,Ilha de Man,2022,165,641
70,Ilhas Virgens,2022,0,0
71,India,2022,247,1021
72,Indonésia,2022,0,0
73,Irã,2022,47,90
74,Iraque,2022,0,0
75,Irlanda,2022,0,0
76,Itália,2022,1129,6151
77,Jamaica,2022,0,0
78,Japão,2022,37324,82208
79,Jordânia,2022,0,0
80,Letônia,2022,0,0
81,Líbano,2022,0,0
82,Libéria,2022,9145,34815
83,Luxemburgo,2022,36,802
84,Macau,2022,0,0
85,Malásia,2022,0,0
86,Malavi,2022,0,0
87,Malta,2022,3127,15587
88,"Marshall, Ilhas",2022,7240,27178
89,Martinica,2022,0,0
90,Mauritânia,2022,0,0
91,México,2022,6,33
92,Moçambique,2022,383,1927
93,Montenegro,2022,0,0
94,Namíbia,2022,0,0
95,Nicarágua,2022,0,0
96,Nigéria,2022,32234,50283
97,Noruega,2022,2711,40316
98,Nova Caledônia,2022,0,0
99,Nova Zelândia,2022,63,156
100,Omã,2022,194,670
101,Países Baixos,2022,7034,37240
102,Palau,2022,0,0
103,Panamá,2022,11490,49392
104,Paraguai,2022,5076670,7156293
105,Peru,2022,0,0
106,Pitcairn,2022,0,0
107,Polônia,2022,0,0
108,Porto Rico,2022,0,0
109,Portugal,2022,1918,7613
110,Quênia,2022,1440,2080
111,Reino Unido,2022,18835,138154
112,República Dominicana,2022,0,0
113,Rússia,2022,66046,118618
114,São Cristóvão e Névis,2022,0,0
115,São Tomé e Príncipe,2022,0,0
116,São Vicente e Granadinas,2022,20,51
117,Senegal,2022,0,0
118,Serra Leoa,2022,8101,15182
119,Singapura,2022,4322,15434
120,Suazilândia,2022,0,0
121,Suécia,2022,5,18
122,Suíça,2022,1584,20863
123,Suriname,2022,1225,3360
124,Tailândia,2022,432,1713
125,Taiwan (Formosa),2022,25,277
126,Tanzânia,2022,0,0
127,"Tcheca, República",2022,1305,9997
128,Togo,2022,17317,25608
129,Toquelau,2022,0,0
130,Trinidade Tobago,2022,0,0
131,Tunísia,2022,0,0
132,Turquia,2022,418,503
133,Tuvalu,2022,0,0
134,Uruguai,2022,637117,997367
135,Vanuatu,2022,0,0
136,Venezuela,2022,23220,32351
137,Vietnã,2022,130,277
1,Afeganistão,2023,0,0
2,África do Sul,2023,117,698
3,"Alemanha, República Democrática",2023,4806,31853
4,Angola,2023,0,0
5,Anguilla,2023,0,0
6,Antígua e Barbuda,2023,383,1848
7,Antilhas Holandesas,2023,0,0
8,Arábia Saudita,2023,124,142
9,Argentina,2023,4545,36133
10,Aruba,2023,0,0
11,Austrália,2023,2485,13565
12,Áustria,2023,0,0
13,Bahamas,2023,1348,7402
14,Bangladesh,2023,0,0
15,Barbados,2023,58,303
16,Barein,2023,283,1684
17,Bélgica,2023,95,683
18,Belice,2023,0,0
19,Benin,2023,0,0
20,Bermudas,2023,16,153
21,Bolívia,2023,21926,36950
22,Bósnia-Herzegovina,2023,0,0
23,Brasil,2023,0,0
24,Bulgária,2023,0,0
25,Cabo Verde,2023,0,0
26,Camarões,2023,0,0
27,Canadá,2023,11539,42179
28,Catar,2023,5,18
29,"Cayman, Ilhas",2023,438,2632
30,Chile,2023,9,63
31,China,2023,73917,183096
32,Chipre,2023,524,2995
33,Cingapura,2023,0,0
34,"Cocos (Keeling), Ilhas",2023,0,0
35,Colômbia,2023,450,1259
36,Comores,2023,0,0
37,Congo,2023,17100,26600
38,"Coreia, Republica Sul",2023,25,171
39,Costa do Marfim,2023,0,0
40,Costa Rica,2023,0,0
41,Croácia,2023,0,0
42,Cuba,2023,0,0
43,Curaçao,2023,25135,40807
44,Dinamarca,2023,1734,15261
45,Dominica,2023,0,0
46,El Salvador,2023,0,0
47,Emirados Arabes Unidos,2023,1417,6762
48,Equador,2023,2790,4392
49,"Eslovaca, Republica",2023,0,0
50,Espanha,2023,180,4171
51,Estados Unidos,2023,229839,429091
52,Estônia,2023,0,0
53,Filipinas,2023,94,334
54,Finlândia,2023,5,11
55,França,2023,2265,14722
56,Gana,2023,7237,29473
57,Gibraltar,2023,0,0
58,Granada,2023,0,0
59,Grécia,2023,1294,3214
60,Guatemala,2023,2053,3758
61,Guiana,2023,33651,88715
62,Guiana Francesa,2023,0,0
63,Guine Bissau,2023,0,0
64,Guine Equatorial,2023,0,0
65,Haiti,2023,559645,871661
66,Honduras,2023,0,0
67,Hong Kong,2023,16255,71025
68,Hungria,2023,0,0
69,Ilha de Man,2023,1428,4533
70,Ilhas Virgens,2023,0,0
71,India,2023,60,170
72,Indonésia,2023,9,30
73,Irã,2023,0,0
74,Iraque,2023,0,0
75,Irlanda,2023,150,377
76,Itália,2023,2922,27665
77,Jamaica,2023,0,0
78,Japão,2023,22942,57780
79,Jordânia,2023,0,0
80,Letônia,2023,8,8
81,Líbano,2023,0,0
82,Libéria,2023,39784,42463
83,Luxemburgo,2023,581,7048
84,Macau,2023,7,6
85,Malásia,2023,0,0
86,Malavi,2023,3660,6252
87,Malta,2023,6561,24199
88,"Marshall, Ilhas",2023,7417,31691
89,Martinica,2023,9,31
90,Mauritânia,2023,0,0
91,México,2023,3,19
92,Moçambique,2023,0,0
93,Montenegro,2023,0,0
94,Namíbia,2023,0,0
95,Nicarágua,2023,0,0
96,Nigéria,2023,10800,16464
97,Noruega,2023,861,4243
98,Nova Caledônia,2023,0,0
99,Nova Zelândia,2023,338,7177
100,Omã,2023,0,0
101,Países Baixos,2023,2244,4958
102,Palau,2023,45,143
103,Panamá,2023,14785,68173
104,Paraguai,2023,3780378,5517263
105,Peru,2023,47277,84282
106,Pitcairn,2023,11,22
107,Polônia,2023,298,590
108,Porto Rico,2023,0,0
109,Portugal,2023,13742,46311
110,Quênia,2023,0,0
111,Reino Unido,2023,11326,84547
112,República Dominicana,2023,0,0
113,Rússia,2023,0,0
114,São Cristóvão e Névis,2023,16,31
115,São Tomé e Príncipe,2023,0,0
116,São Vicente e Granadinas,2023,39,139
117,Senegal,2023,0,0
118,Serra Leoa,2023,23200,38548
119,Singapura,2023,3941,19781
120,Suazilândia,2023,0,0
121,Suécia,2023,0,0
122,Suíça,2023,2500,28763
123,Suriname,2023,3105,5235
124,Tailândia,2023,189,1387
125,Taiwan (Formosa),2023,4208,19998
126,Tanzânia,2023,0,0
127,"Tcheca, República",2023,405,3348
128,Togo,2023,14550,25235
129,Toquelau,2023,3,10
130,Trinidade Tobago,2023,0,0
131,Tunísia,2023,0,0
132,Turquia,2023,28104,95421
133,Tuvalu,2023,0,0
134,Uruguai,2023,326093,454271
135,Vanuatu,2023,0,0
136,Venezuela,2023,141030,220512
137,Vietnã,2023,72,128
